{
  "client_1742797708843563800": {
    "id": "client_1742797708843563800",
    "name": "abc",
    "connected": true,
    "lastSeen": "2025-03-25T15:51:10.4238798+08:00",
    "cpu": 3.515625,
    "memory": 70,
    "diskUsage": 54.22510208257387,
    "diskReadSpeed": 0,
    "diskWriteSpeed": 0,
    "uploadSpeed": 0.27023005079486034,
    "downloadSpeed": 0.03496394629742438,
    "displayOrder": 1
  }
}